{
  "languages": [
    {
      "grammar": "textmate/java/syntax/java.tmLanguage.json",
      "name": "java",
      "scopeName": "source.java",
      "languageConfiguration": "textmate/java/language-configuration.json"
    },
    {
      "grammar": "textmate/kotlin/syntax/kotlin.tmLanguage",
      "name": "kotlin",
      "scopeName": "source.kotlin",
      "languageConfiguration": "textmate/kotlin/language-configuration.json"
    },
    {
      "grammar": "textmate/json/syntax/json.tmLanguage.json",
      "name": "json",
      "scopeName": "source.json",
      "languageConfiguration": "textmate/json/language-configuration.json"
    },
    {
      "grammar": "textmate/xml/syntax/xml.tmLanguage.json",
      "name": "xml",
      "scopeName": "text.xml",
      "languageConfiguration": "textmate/xml/language-configuration.json"
    }
  ]
}